"Number of processors";1;4;8;16
"Elapsed time (sec)";2.889405;1.234757;0.829070;0.698513
"Speedup";1.000000;2.340060;3.485114;4.136510
"Efficiency";1.000000;0.585015;0.435639;0.258532
#
