"Number of processors";1;4;8;16
"Elapsed time (sec)";6.889490;3.102385;1.742045;0.954076
"Speedup";1.000000;2.220708;3.954828;7.221115
"Efficiency";1.000000;0.555177;0.494353;0.451320
#
